City_ID,City,Country,Date,Lat,Lng,Max Temp,Humidity,Cloudiness,Wind Speed
0,Ribeira Grande,PT,2022-10-10 01:52:45,38.5167,-28.7,69.78,89,5,3.0
1,Podgorenskiy,RU,2022-10-10 01:52:45,50.405,39.6429,53.51,95,100,4.47
2,Olinda,BR,2022-10-10 01:52:46,-8.0089,-34.8553,80.33,74,75,11.5
3,Dikson,RU,2022-10-10 01:52:46,73.5069,80.5464,34.34,97,100,22.82
4,Cape Town,ZA,2022-10-10 01:52:46,-33.9258,18.4232,65.88,73,0,9.22
5,Chuy,UY,2022-10-10 01:52:47,-33.6971,-53.4616,45.19,76,0,4.36
6,Ostrovnoy,RU,2022-10-10 01:52:47,68.0531,39.5131,40.14,81,97,19.89
7,Jamestown,US,2022-10-10 01:48:21,42.097,-79.2353,52.72,54,0,8.05
8,Tasiilaq,GL,2022-10-10 01:52:47,65.6145,-37.6368,25.38,91,100,8.23
9,Port Elizabeth,ZA,2022-10-10 01:52:48,-33.918,25.5701,63.32,99,100,5.75
10,Pangnirtung,CA,2022-10-10 01:52:48,66.1451,-65.7125,24.37,59,80,4.27
11,Mahebourg,MU,2022-10-10 01:52:48,-20.4081,57.7,70.09,78,20,11.5
12,Nuuk,GL,2022-10-10 01:52:49,64.1835,-51.7216,35.65,97,100,15.19
13,Umm Lajj,SA,2022-10-10 01:52:49,25.0213,37.2685,81.39,54,0,12.26
14,Sapele,NG,2022-10-10 01:52:49,5.8941,5.6767,72.93,97,100,2.62
15,Georgetown,MY,2022-10-10 01:50:06,5.4112,100.3354,84.13,84,20,7.0
16,Ushuaia,AR,2022-10-10 01:52:50,-54.8,-68.3,44.26,76,75,2.3
17,Santa Vitoria Do Palmar,BR,2022-10-10 01:52:51,-33.5189,-53.3681,45.84,76,0,4.25
18,Nouakchott,MR,2022-10-10 01:52:51,18.0858,-15.9785,75.13,74,100,12.57
19,Saint-Philippe,RE,2022-10-10 01:52:52,-21.3585,55.7679,67.59,79,35,11.61
20,Arraial Do Cabo,BR,2022-10-10 01:52:52,-22.9661,-42.0278,69.69,96,100,12.12
21,Ugoofaaru,MV,2022-10-10 01:52:53,5.6667,73.0,81.64,79,81,15.75
22,Epe,NG,2022-10-10 01:52:53,6.5841,3.9834,73.76,93,99,3.67
23,Port Alfred,ZA,2022-10-10 01:52:53,-33.5906,26.891,64.0,85,95,11.74
24,Cruzilia,BR,2022-10-10 01:52:54,-21.8386,-44.8083,64.15,90,100,4.27
25,Hithadhoo,MV,2022-10-10 01:52:54,-0.6,73.0833,80.83,77,96,15.57
26,Hermanus,ZA,2022-10-10 01:52:54,-34.4187,19.2345,62.8,88,100,15.17
27,Sayyan,YE,2022-10-10 01:52:55,15.1718,44.3244,55.58,31,0,4.99
28,Bambous Virieux,MU,2022-10-10 01:52:55,-20.3428,57.7575,70.05,78,20,11.5
29,Busselton,AU,2022-10-10 01:52:55,-33.65,115.3333,57.06,62,64,19.17
30,Khakhea,BW,2022-10-10 01:52:56,-24.6895,23.494,68.68,21,2,9.24
31,Dingle,PH,2022-10-10 01:52:57,10.9995,122.6711,85.59,71,96,5.12
32,Vestmannaeyjar,IS,2022-10-10 01:52:57,63.4427,-20.2734,38.25,66,10,33.02
33,Muisne,EC,2022-10-10 01:52:57,0.6,-80.0333,74.34,79,97,6.69
34,Nanortalik,GL,2022-10-10 01:52:58,60.1432,-45.2371,39.67,95,100,11.14
35,Sao Filipe,CV,2022-10-10 01:52:58,14.8961,-24.4956,77.86,76,23,4.72
36,Mar Del Plata,AR,2022-10-10 01:52:58,-38.0023,-57.5575,48.87,75,0,3.0
37,Touros,BR,2022-10-10 01:52:59,-5.1989,-35.4608,76.66,84,20,12.91
38,Cidreira,BR,2022-10-10 01:52:59,-30.1811,-50.2056,55.4,63,100,7.29
39,Oranjemund,NA,2022-10-10 01:53:00,-28.55,16.4333,60.03,82,100,3.13
40,Uvinza,TZ,2022-10-10 01:53:00,-5.1036,30.3911,68.14,48,10,2.95
41,Saint-Augustin,CA,2022-10-10 01:53:01,51.226,-58.6502,42.66,76,100,9.37
42,Garowe,SO,2022-10-10 01:53:01,8.4054,48.4845,74.79,72,12,13.6
43,Mitsamiouli,KM,2022-10-10 01:53:01,-11.3847,43.2844,75.25,75,2,9.4
44,Kudahuvadhoo,MV,2022-10-10 01:53:02,2.6708,72.8944,81.1,77,13,14.27
45,Punta Arenas,CL,2022-10-10 01:53:03,-53.15,-70.9167,50.11,57,75,36.82
46,Chardara,KZ,2022-10-10 01:53:03,41.2547,67.9692,49.84,48,2,10.47
47,Plouzane,FR,2022-10-10 01:53:04,48.3833,-4.6167,60.85,100,100,5.75
48,Tyubuk,RU,2022-10-10 01:54:04,56.0552,60.9405,45.82,82,59,11.65
49,Aksu,CN,2022-10-10 01:54:05,41.1231,80.2644,58.23,31,12,2.39
50,Namibe,AO,2022-10-10 01:54:05,-15.1961,12.1522,65.84,91,30,3.42
51,Mozarlandia,BR,2022-10-10 01:54:06,-14.7447,-50.5706,79.16,68,100,9.46
52,Marawi,PH,2022-10-10 01:54:06,7.9986,124.2928,81.77,64,84,1.34
53,Birjand,IR,2022-10-10 01:54:07,32.8663,59.2211,43.27,15,0,9.22
54,Warmbad,NA,2022-10-10 01:54:07,-28.45,18.7333,75.47,14,90,7.36
55,Sebring,US,2022-10-10 01:54:08,27.4956,-81.4409,76.78,93,100,8.05
56,Longyearbyen,SJ,2022-10-10 01:54:08,78.2186,15.6401,35.44,80,40,9.22
57,Rio Gallegos,AR,2022-10-10 01:54:09,-51.6226,-69.2181,57.25,44,0,31.07
58,Puerto Plata,DO,2022-10-10 01:54:09,19.7934,-70.6884,77.45,100,20,0.0
59,Mangrol,IN,2022-10-10 01:54:10,21.1167,70.1167,81.81,79,64,3.0
60,Luderitz,NA,2022-10-10 01:54:11,-26.6481,15.1594,65.25,61,92,4.14
61,Vila Velha,BR,2022-10-10 01:52:48,-20.3297,-40.2925,75.15,88,20,6.91
62,Paamiut,GL,2022-10-10 01:54:11,61.994,-49.6678,38.41,90,100,17.65
63,Skibbereen,IE,2022-10-10 01:54:12,51.55,-9.2667,49.1,80,3,8.3
64,Plettenberg Bay,ZA,2022-10-10 01:54:12,-34.0527,23.3716,60.26,80,100,4.61
65,Sfantu Gheorghe,RO,2022-10-10 01:54:13,45.8667,25.7833,52.27,81,84,3.47
66,Bredasdorp,ZA,2022-10-10 01:54:13,-34.5322,20.0403,62.38,91,100,14.5
67,Galbshtadt,RU,2022-10-10 01:54:14,53.2264,78.9845,43.48,87,92,11.45
68,Victoria,HK,2022-10-10 01:51:53,22.2855,114.1577,77.25,58,44,17.0
69,East London,ZA,2022-10-10 01:54:15,-33.0153,27.9116,65.17,76,100,9.17
70,Korla,CN,2022-10-10 01:54:15,41.7597,86.1469,56.44,21,0,3.71
71,Hamilton,US,2022-10-10 01:50:09,39.1834,-84.5333,52.43,69,0,0.0
72,Punta Alta,AR,2022-10-10 01:54:16,-38.8759,-62.0736,47.52,54,0,13.11
73,Kaura Namoda,NG,2022-10-10 01:54:16,12.5898,6.5779,77.85,64,51,5.86
74,Qasigiannguit,GL,2022-10-10 01:54:16,68.8193,-51.1922,13.17,77,91,3.8
75,Beyla,GN,2022-10-10 01:54:17,8.6833,-8.6333,67.15,95,100,1.19
76,Codrington,AU,2022-10-10 01:54:17,-38.2667,141.9667,60.57,59,19,7.09
77,Ambovombe,MG,2022-10-10 01:54:18,-25.1667,46.0833,70.02,80,0,4.38
78,Alta Floresta,BR,2022-10-10 01:54:18,-9.8756,-56.0861,74.25,78,92,4.61
79,Qaanaaq,GL,2022-10-10 01:54:19,77.484,-69.3632,6.67,71,14,7.61
80,Tyup,KG,2022-10-10 01:54:19,42.7276,78.3648,44.28,56,38,5.46
81,Bonfim,BR,2022-10-10 01:54:20,3.0833,-59.95,80.76,62,46,5.91
82,Lucapa,AO,2022-10-10 01:54:20,-8.4192,20.7447,63.14,71,0,1.52
83,Margate,GB,2022-10-10 01:54:20,51.3813,1.3862,58.3,86,100,1.99
84,Togur,RU,2022-10-10 01:54:21,58.3631,82.8265,43.0,91,100,11.21
85,Upernavik,GL,2022-10-10 01:54:21,72.7868,-56.1549,10.69,72,23,4.97
86,Guanica,PR,2022-10-10 01:54:22,17.9716,-66.908,80.06,87,2,8.52
87,Tamarin,MU,2022-10-10 01:54:22,-20.3256,57.3706,70.36,76,27,9.57
88,Rudnichnyy,RU,2022-10-10 01:54:23,59.617,52.4703,48.42,87,100,10.4
89,Soller,ES,2022-10-10 01:54:24,39.7662,2.7152,63.86,87,0,1.52
90,Port Blair,IN,2022-10-10 01:54:25,11.6667,92.75,78.84,94,75,0.0
91,Shagamu,NG,2022-10-10 01:54:25,6.8432,3.6478,74.98,94,63,3.09
92,Sudogda,RU,2022-10-10 01:55:26,55.9539,40.8629,49.1,95,100,4.07
93,Aasiaat,GL,2022-10-10 01:55:27,68.7098,-52.8699,18.66,71,99,9.62
94,Stephenville,US,2022-10-10 01:55:27,32.2207,-98.2023,75.33,53,0,4.61
95,Pisco,PE,2022-10-10 01:55:03,-13.7,-76.2167,61.02,77,0,14.97
96,Grand Gaube,MU,2022-10-10 01:55:28,-20.0064,57.6608,70.2,74,9,1.99
97,Siderno,IT,2022-10-10 01:55:28,38.2779,16.302,72.34,85,54,0.81
98,Sao Marcos,BR,2022-10-10 01:55:29,-28.9711,-51.0681,47.19,97,100,3.53
99,Qurayyat,SA,2022-10-10 01:55:29,31.3318,37.3428,62.78,67,0,11.5
100,Atlantic Beach,US,2022-10-10 01:55:29,30.3344,-81.3987,74.01,91,48,7.65
101,Ilulissat,GL,2022-10-10 01:55:30,69.2167,-51.1,13.82,63,64,4.9
102,Saldanha,ZA,2022-10-10 01:55:31,-33.0117,17.9442,55.45,80,100,6.96
103,Bengkulu,ID,2022-10-10 01:55:31,-3.8004,102.2655,80.08,74,100,2.33
104,Aguimes,ES,2022-10-10 01:55:32,27.9054,-15.4461,70.43,78,20,16.11
105,Anloga,GH,2022-10-10 01:55:33,5.7947,0.8973,78.42,79,93,2.53
106,Ivybridge,GB,2022-10-10 01:55:33,50.3904,-3.9191,59.92,94,100,6.2
107,Grindavik,IS,2022-10-10 01:55:34,63.8424,-22.4338,37.87,75,75,12.66
108,Iqaluit,CA,2022-10-10 01:55:34,63.7506,-68.5145,28.13,86,75,12.66
109,Molina,CL,2022-10-10 01:55:34,-35.1167,-71.2833,56.93,51,0,2.3
110,Atasu,KZ,2022-10-10 01:55:35,48.6814,71.6433,38.75,73,6,3.09
111,Viamao,BR,2022-10-10 01:55:36,-30.0811,-51.0233,55.04,64,75,9.22
112,Ippy,CF,2022-10-10 01:55:36,6.2679,21.2247,67.28,97,71,2.33
113,Saint-Pierre,RE,2022-10-10 01:55:37,-21.3393,55.4781,68.92,64,20,9.22
114,Sombrio,BR,2022-10-10 01:55:37,-29.1139,-49.6167,51.93,89,100,2.71
115,Ponta Do Sol,PT,2022-10-10 01:55:37,32.6667,-17.1,70.43,71,14,3.94
116,Pirdop,BG,2022-10-10 01:55:38,42.7,24.1833,52.12,76,81,2.62
117,Zharkent,KZ,2022-10-10 01:55:39,44.1628,80.0,51.66,42,63,6.02
118,Gat,IL,2022-10-10 01:55:39,31.61,34.7642,68.4,100,0,2.13
119,Baghdad,IQ,2022-10-10 01:55:39,33.3406,44.4009,76.91,36,0,9.22
120,Salalah,OM,2022-10-10 01:55:40,17.0151,54.0924,73.27,64,83,1.1
121,Maceio,BR,2022-10-10 01:55:40,-9.6658,-35.7353,74.64,94,40,4.61
122,Kavaratti,IN,2022-10-10 01:55:41,10.5669,72.642,80.69,78,100,5.59
123,Menongue,AO,2022-10-10 01:55:41,-14.6585,17.691,61.05,30,8,4.72
124,Delta Del Tigre,UY,2022-10-10 01:55:42,-34.7633,-56.3853,54.9,64,0,7.81
125,Ravar,IR,2022-10-10 01:55:43,31.2656,56.8055,59.81,16,0,3.36
126,Beyneu,KZ,2022-10-10 01:55:43,45.3167,55.2,53.22,63,0,19.51
127,Kulachi,PK,2022-10-10 01:55:43,31.9286,70.4592,78.13,37,0,2.84
128,Kautokeino,NO,2022-10-10 01:55:44,69.0125,23.0412,34.63,77,68,4.88
129,Funtua,NG,2022-10-10 01:55:45,11.5233,7.3081,69.35,63,19,6.53
130,Barddhaman,IN,2022-10-10 01:55:45,23.25,87.85,80.38,86,11,5.48
131,Hualmay,PE,2022-10-10 01:55:46,-11.0964,-77.6139,62.64,84,27,8.48
132,Rorvik,NO,2022-10-10 01:55:46,64.8621,11.2373,51.91,62,100,9.22
133,Quatre Cocos,MU,2022-10-10 01:55:47,-20.2078,57.7625,69.91,71,38,13.29
134,Nuqui,CO,2022-10-10 01:56:47,5.7125,-77.2708,76.87,88,98,2.82
135,Karabuk,TR,2022-10-10 01:56:47,41.2049,32.6277,53.13,93,32,1.86
136,Sao Gabriel Da Cachoeira,BR,2022-10-10 01:56:48,-0.1303,-67.0892,75.42,81,49,2.33
137,Corner Brook,CA,2022-10-10 01:56:48,48.9667,-57.9484,46.56,95,100,9.48
138,Ayagoz,KZ,2022-10-10 01:56:49,47.9714,80.4392,37.9,76,10,4.36
139,Verkhniy Baskunchak,RU,2022-10-10 01:56:49,48.2256,46.7217,56.41,56,100,15.35
140,Keti Bandar,PK,2022-10-10 01:56:50,24.1447,67.4497,82.31,50,2,6.78
141,Pietermaritzburg,ZA,2022-10-10 01:56:50,-29.6168,30.3928,59.68,90,32,1.12
142,Talnakh,RU,2022-10-10 01:56:50,69.4865,88.3972,36.21,98,100,9.71
143,Lokosovo,RU,2022-10-10 01:56:51,61.1333,74.8167,40.26,93,100,8.72
144,Carnarvon,AU,2022-10-10 01:56:51,-24.8667,113.6333,68.54,61,84,21.83
145,Soyo,AO,2022-10-10 01:56:51,-6.1349,12.3689,75.38,88,44,8.25
146,Souillac,MU,2022-10-10 01:56:52,-20.5167,57.5167,70.18,78,20,11.5
147,Muscat,OM,2022-10-10 01:54:02,23.6139,58.5922,80.17,36,0,3.53
148,Bilma,NE,2022-10-10 01:56:52,18.6853,12.9164,80.85,20,0,6.53
149,Edd,ER,2022-10-10 01:56:53,13.9297,41.6925,87.53,60,91,8.77
150,Laguna,US,2022-10-10 01:56:53,38.421,-121.4238,85.64,43,0,9.22
151,San Cristobal,VE,2022-10-10 01:56:01,7.7669,-72.225,69.98,99,100,2.06
152,Ust-Kulom,RU,2022-10-10 01:56:54,61.6864,53.6902,45.97,91,100,6.4
153,Inhambane,MZ,2022-10-10 01:56:54,-23.865,35.3833,69.58,87,0,3.74
154,Carbonia,IT,2022-10-10 01:56:55,39.1672,8.5222,63.01,84,91,2.89
155,Kanadey,RU,2022-10-10 01:56:55,53.1679,47.5264,47.52,71,97,5.26
156,Ouahigouya,BF,2022-10-10 01:56:55,13.5828,-2.4216,80.46,59,7,7.58
157,Libertador General San Martin,AR,2022-10-10 01:56:56,-23.8064,-64.7876,56.16,29,0,5.23
158,Castro,BR,2022-10-10 01:56:56,-24.7911,-50.0119,59.36,98,100,10.18
159,Bandar-E Anzali,IR,2022-10-10 01:56:57,37.4727,49.4622,68.36,87,0,4.47
160,Orguz,BA,2022-10-10 01:56:57,43.7739,16.8639,55.04,80,100,4.5
161,Develi,TR,2022-10-10 01:56:57,38.3906,35.4922,51.15,81,8,1.61
162,Contai,IN,2022-10-10 01:56:58,21.7786,87.7536,82.98,80,45,3.8
163,Cervo,ES,2022-10-10 01:56:58,43.6702,-7.4101,60.01,86,100,6.98
164,Mount Pleasant,US,2022-10-10 01:56:58,32.7941,-79.8626,71.01,82,0,8.05
165,Cizre,TR,2022-10-10 01:56:59,37.3272,42.1903,67.51,49,0,1.86
166,Urucara,BR,2022-10-10 01:56:59,-2.5364,-57.76,83.57,45,48,2.62
167,Biltine,TD,2022-10-10 01:57:00,14.5333,20.9167,81.86,55,69,1.81
168,Lagoa,PT,2022-10-10 01:57:00,39.05,-27.9833,70.23,93,0,10.71
169,Sur,OM,2022-10-10 01:57:01,22.5667,59.5289,78.66,45,9,2.93
170,Ipaba,BR,2022-10-10 01:57:01,-19.4136,-42.4194,71.74,94,0,5.75
171,Kuntaur,GM,2022-10-10 01:57:02,13.6667,-14.8833,74.89,88,75,3.11
172,Kutum,SD,2022-10-10 01:57:02,14.2,24.6667,73.72,26,59,10.94
173,Barra Dos Coqueiros,BR,2022-10-10 01:57:03,-10.9089,-37.0386,78.82,78,40,12.66
174,Kidal,ML,2022-10-10 01:57:03,18.4411,1.4078,84.16,17,0,12.75
175,Camacari,BR,2022-10-10 01:54:31,-12.6975,-38.3242,80.37,86,8,6.78
176,Ambanja,MG,2022-10-10 01:57:04,-13.6833,48.45,67.53,71,20,4.16
177,Hobyo,SO,2022-10-10 01:57:05,5.3505,48.5268,76.95,85,34,17.85
178,La Roche-Sur-Yon,FR,2022-10-10 01:55:32,46.6667,-1.4333,57.47,100,75,5.75
179,Macau,MO,2022-10-10 01:58:06,22.2006,113.5461,75.85,68,20,26.46
180,Hambantota,LK,2022-10-10 01:58:06,6.1241,81.1185,77.34,100,40,2.3
181,Takoradi,GH,2022-10-10 01:58:07,4.8845,-1.7554,75.69,91,100,6.62
182,Torbay,CA,2022-10-10 01:58:07,47.6666,-52.7314,45.37,90,20,10.36
183,Kruisfontein,ZA,2022-10-10 01:58:08,-34.0033,24.7314,54.88,94,99,4.25
184,Esna,EG,2022-10-10 01:58:08,25.2934,32.554,72.45,44,0,10.94
185,Elat,IL,2022-10-10 01:58:09,29.5581,34.9482,71.44,73,0,8.05
186,Henties Bay,NA,2022-10-10 01:58:10,-22.116,14.2845,59.5,93,99,7.65
187,Vryburg,ZA,2022-10-10 01:58:11,-26.9566,24.7284,67.59,30,27,9.93
188,Clyde River,CA,2022-10-10 01:58:11,70.4692,-68.5914,17.83,79,100,12.66
189,Buchanan,LR,2022-10-10 01:58:12,5.8808,-10.0467,75.76,91,27,1.25
190,Badarganj,BD,2022-10-10 01:58:13,25.674,89.0549,78.24,89,72,2.84
191,Oktyabrskoye,RU,2022-10-10 01:58:13,43.0645,44.7417,48.34,100,100,2.24
192,Aripuana,BR,2022-10-10 01:58:14,-9.1667,-60.6333,74.84,79,33,3.36
193,Kholm,RU,2022-10-10 01:54:21,59.2667,32.85,38.95,97,8,4.61
194,Bay Roberts,CA,2022-10-10 01:58:14,47.5999,-53.2648,46.15,81,33,7.61
195,Olafsvik,IS,2022-10-10 01:58:15,64.8945,-23.7142,36.14,63,78,9.15
196,Meleuz,RU,2022-10-10 01:58:15,52.9667,55.9167,42.91,79,12,5.5
197,Guaratinga,BR,2022-10-10 01:58:16,-16.5667,-39.5667,68.61,96,0,2.1
198,Bonavista,CA,2022-10-10 01:58:16,48.6499,-53.1147,48.83,75,7,19.48
199,Strezhevoy,RU,2022-10-10 01:58:17,60.7333,77.5889,37.94,91,100,7.52
200,Caconda,AO,2022-10-10 01:58:17,-13.7333,15.0667,58.41,88,68,3.04
201,Moroni,KM,2022-10-10 01:58:17,-11.7022,43.2551,72.68,74,0,6.04
202,Selje,NO,2022-10-10 01:58:18,62.0459,5.351,57.18,17,89,23.55
203,Sambava,MG,2022-10-10 01:58:18,-14.2667,50.1667,68.95,82,85,12.15
204,Kajaani,FI,2022-10-10 01:58:19,64.2273,27.7285,37.45,93,40,10.36
205,Awbari,LY,2022-10-10 01:58:19,26.5921,12.7805,69.6,34,0,5.35
206,Djougou,BJ,2022-10-10 01:58:20,9.7085,1.666,69.46,94,14,4.68
207,Bella Union,UY,2022-10-10 01:58:20,-30.2752,-57.6007,48.36,64,0,7.7
208,Klaksvik,FO,2022-10-10 01:58:21,62.2266,-6.589,43.72,72,99,33.98
209,Narsaq,GL,2022-10-10 01:58:21,60.9167,-46.05,37.24,98,100,4.83
210,Tenenkou,ML,2022-10-10 01:58:21,14.4572,-4.9169,85.53,46,65,7.45
211,Taltal,CL,2022-10-10 01:58:22,-25.4,-70.4833,57.88,75,20,3.36
212,Gornopravdinsk,RU,2022-10-10 01:58:22,60.05,69.9,42.39,95,100,8.81
213,Bathsheba,BB,2022-10-10 01:58:23,13.2167,-59.5167,81.21,83,20,6.91
214,Ankazoabo,MG,2022-10-10 01:58:23,-22.2833,44.5167,67.21,55,0,3.53
215,Tanout,NE,2022-10-10 01:58:24,14.9709,8.8879,83.46,20,1,9.89
216,Niamey,NE,2022-10-10 01:58:24,13.5137,2.1098,84.49,70,0,4.61
217,Muros,ES,2022-10-10 01:58:25,42.7762,-9.0603,61.09,92,100,11.61
218,Aswan,EG,2022-10-10 01:58:25,24.0934,32.907,73.72,41,0,12.33
219,Kadoma,JP,2022-10-10 01:58:25,34.7333,135.5833,70.18,86,75,2.3
220,Madimba,TZ,2022-10-10 01:58:26,-10.4,40.3333,70.21,85,1,3.18
221,Eganville,CA,2022-10-10 01:58:26,45.5334,-77.0994,34.52,68,11,3.4
222,Belmonte,BR,2022-10-10 01:58:26,-15.8631,-38.8828,75.45,85,2,9.01
223,Cabedelo,BR,2022-10-10 01:58:27,-6.9811,-34.8339,77.67,82,15,14.16
224,Andenes,NO,2022-10-10 01:59:27,69.3143,16.1194,45.93,93,100,9.22
225,Shache,CN,2022-10-10 01:59:28,38.4167,77.2406,57.2,24,0,3.18
226,Saint-Louis,SN,2022-10-10 01:59:28,16.3333,-15.0,82.6,58,96,11.5
227,Tselinnoye,RU,2022-10-10 01:59:29,53.0833,85.6667,45.55,83,98,15.77
228,Shakhtinsk,KZ,2022-10-10 01:59:29,49.71,72.5872,38.1,79,57,5.03
229,Bafq,IR,2022-10-10 01:59:29,31.6128,55.4107,60.82,17,0,1.23
230,Westport,US,2022-10-10 01:58:04,41.1415,-73.3579,56.17,73,39,3.0
231,Cordoba,AR,2022-10-10 01:54:37,-31.4135,-64.1811,57.24,26,0,9.22
232,Senanga,ZM,2022-10-10 01:59:30,-16.1167,23.2667,65.71,28,0,6.58
233,Porto Novo,BJ,2022-10-10 01:59:30,6.4965,2.6036,75.02,87,45,0.69
234,Caravelas,BR,2022-10-10 01:59:31,-17.7125,-39.2481,75.13,83,0,7.07
235,Atar,MR,2022-10-10 01:59:31,20.5169,-13.0499,88.43,34,100,4.09
236,Villa Carlos Paz,AR,2022-10-10 01:54:40,-31.4241,-64.4978,53.89,32,0,3.0
237,Kemijarvi,FI,2022-10-10 01:59:32,66.7131,27.4306,36.27,97,42,8.25
238,Kousseri,CM,2022-10-10 01:59:32,12.0769,15.0306,79.61,45,5,0.43
239,Pimentel,PE,2022-10-10 01:59:32,-6.8367,-79.9342,62.83,87,89,11.34
240,Benghazi,LY,2022-10-10 01:59:33,32.1167,20.0667,70.65,59,0,5.53
241,Meulaboh,ID,2022-10-10 01:59:33,4.1363,96.1285,80.92,74,66,2.1
242,Camacha,PT,2022-10-10 01:59:34,33.0833,-16.3333,65.62,83,40,5.75
243,Mercedes,AR,2022-10-10 01:59:34,-34.6515,-59.4307,50.86,34,0,8.05
244,Saint Anthony,US,2022-10-10 01:59:34,45.0205,-93.218,59.14,60,40,5.75
245,Vila Franca Do Campo,PT,2022-10-10 01:59:35,37.7167,-25.4333,72.19,92,46,5.7
246,Tiznit,MA,2022-10-10 01:59:35,29.5833,-9.5,67.6,83,5,1.07
247,Port Shepstone,ZA,2022-10-10 01:59:36,-30.7414,30.455,66.42,80,30,6.42
248,Ornskoldsvik,SE,2022-10-10 01:59:36,63.2909,18.7153,34.75,100,97,2.3
249,Pushkinskiye Gory,RU,2022-10-10 01:59:36,57.0209,28.9103,38.3,95,1,4.16
250,Krasnoselkup,RU,2022-10-10 01:59:37,65.7,82.4667,39.56,94,100,18.34
251,Vadu Pasii,RO,2022-10-10 01:59:37,45.1667,26.9,57.47,53,83,14.52
252,Gao,ML,2022-10-10 01:59:38,16.6362,1.637,84.2,15,4,11.99
253,Adrar,MR,2022-10-10 01:59:39,20.5022,-10.0711,86.74,29,100,21.45
254,Butembo,CD,2022-10-10 01:59:39,0.15,29.2833,57.63,92,99,1.86
255,Coihaique,CL,2022-10-10 01:59:40,-45.5752,-72.0662,46.35,57,0,8.05
256,Gardelegen,DE,2022-10-10 01:59:40,52.5252,11.3952,43.9,78,11,7.78
257,Moroto,UG,2022-10-10 01:59:40,2.5345,34.6666,68.31,62,69,4.09
258,Hun,LY,2022-10-10 01:59:41,29.1268,15.9477,67.82,55,0,8.75
259,Khash,IR,2022-10-10 01:59:41,28.2211,61.2158,53.96,10,0,4.43
260,Sisimiut,GL,2022-10-10 01:59:41,66.9395,-53.6735,25.16,67,100,7.63
261,Beloha,MG,2022-10-10 01:59:42,-25.1667,45.05,68.9,96,45,6.15
262,Lock Haven,US,2022-10-10 01:57:37,41.137,-77.4469,49.69,85,5,4.05
263,San Matias,BO,2022-10-10 01:59:42,-16.3667,-58.4,69.19,83,96,6.33
264,Morant Bay,JM,2022-10-10 01:59:43,17.8815,-76.4093,83.82,84,53,9.35
265,Santo Domingo,DO,2022-10-10 01:56:07,18.5001,-69.9886,78.04,94,40,0.0
266,Rawson,AR,2022-10-10 01:59:07,-43.3002,-65.1023,54.68,41,0,18.03
267,Cockburn Town,TC,2022-10-10 01:59:43,21.4612,-71.1419,81.99,79,1,19.98
268,Mungwi,ZM,2022-10-10 01:59:44,-10.1732,31.3694,60.71,46,4,4.45
269,Necochea,AR,2022-10-10 02:00:44,-38.5473,-58.7368,42.78,78,0,5.01
270,Mbini,GQ,2022-10-10 02:00:44,1.574,9.6134,76.32,90,87,4.83
271,Asfi,MA,2022-10-10 02:00:45,32.2994,-9.2372,67.68,91,100,7.83
272,Viedma,AR,2022-10-10 02:00:29,-40.8135,-62.9967,46.35,67,6,10.4
273,Brae,GB,2022-10-10 02:00:46,60.3964,-1.353,49.17,77,2,28.74
274,Bayir,TR,2022-10-10 02:00:47,37.2687,28.2167,52.32,64,0,3.06
275,Minsk,BY,2022-10-10 01:58:12,53.9,27.5667,37.15,85,4,6.33
276,Sept-Iles,CA,2022-10-10 02:00:48,50.2001,-66.3821,39.06,83,5,7.0
277,Pitimbu,BR,2022-10-10 02:00:49,-7.4706,-34.8086,76.21,83,34,13.2
278,Taoudenni,ML,2022-10-10 02:00:49,22.6783,-3.9836,88.18,28,100,20.71
279,Rio Cauto,CU,2022-10-10 02:00:50,20.5603,-76.9161,76.5,87,49,8.3
280,Benavente,ES,2022-10-10 02:00:50,42.0025,-5.6783,58.66,51,100,5.01
281,Goderich,CA,2022-10-10 02:00:50,43.7501,-81.7165,50.92,73,91,6.04
282,Saint George,US,2022-10-10 02:00:51,37.1041,-113.5841,81.25,22,0,8.05
283,Katsina,NG,2022-10-10 02:00:51,12.9894,7.6006,79.07,41,10,6.02
284,Zemio,CF,2022-10-10 02:00:52,5.0314,25.1361,68.25,92,97,1.77
285,Eenhana,NA,2022-10-10 02:00:52,-17.4667,16.3333,68.25,18,0,7.4
286,Badou,TG,2022-10-10 02:00:53,7.5833,0.6,70.54,94,63,2.24
287,Kangasala,FI,2022-10-10 02:00:53,61.4638,24.076,45.14,100,100,9.86
288,Amudat,UG,2022-10-10 02:00:54,1.95,34.95,68.85,72,39,3.53
289,Kingisepp,RU,2022-10-10 02:00:54,59.3733,28.6134,40.21,90,70,5.1
290,Matiri,TZ,2022-10-10 02:00:55,-10.75,34.9,57.0,49,0,4.5
291,Beira,MZ,2022-10-10 02:00:56,-19.8436,34.8389,69.89,100,0,4.61
292,Bubaque,GW,2022-10-10 02:00:56,11.2833,-15.8333,80.98,77,9,6.2
293,Susangerd,IR,2022-10-10 02:00:57,31.5608,48.1831,82.17,30,0,6.15
294,Leshukonskoye,RU,2022-10-10 02:00:57,64.8989,45.7622,42.44,79,100,9.57
295,Tahoua,NE,2022-10-10 02:00:58,14.8888,5.2692,85.33,20,0,5.66
296,Melilla,ES,2022-10-10 02:01:00,35.2937,-2.9383,68.38,88,0,6.91
297,Uruacu,BR,2022-10-10 02:01:00,-14.5247,-49.1408,76.46,67,75,7.58
298,Moose Factory,CA,2022-10-10 02:01:01,51.2585,-80.6094,36.19,89,100,7.76
299,Great Yarmouth,GB,2022-10-10 02:01:01,52.6083,1.7305,54.01,82,98,10.89
300,Birao,CF,2022-10-10 02:01:02,10.2849,22.7882,70.07,87,25,3.09
301,Port-Gentil,GA,2022-10-10 02:01:03,-0.7193,8.7815,77.41,86,100,10.33
302,Notre-Dame-Du-Lac,CA,2022-10-10 02:01:05,47.6136,-68.7964,31.87,85,4,6.11
303,Manacapuru,BR,2022-10-10 02:01:05,-3.2997,-60.6206,85.15,43,100,4.12
304,Jumla,NP,2022-10-10 02:01:06,29.2747,82.1838,52.59,96,100,4.56
305,Sao Jose Da Coroa Grande,BR,2022-10-10 02:01:06,-8.8978,-35.1478,76.35,87,96,12.5
306,Miandoab,IR,2022-10-10 02:01:07,36.9694,46.1027,62.8,30,2,8.37
307,Jawhar,SO,2022-10-10 02:01:08,2.7809,45.5005,74.37,87,21,10.27
308,Mwingi,KE,2022-10-10 02:01:09,-0.9344,38.0601,63.25,79,69,6.49
309,Mehamn,NO,2022-10-10 02:01:10,71.0357,27.8492,44.55,81,75,21.85
310,Axim,GH,2022-10-10 02:01:11,4.8699,-2.2405,75.9,91,100,5.26
311,Stokmarknes,NO,2022-10-10 02:01:11,68.5646,14.9108,48.18,93,100,2.3
312,Mubende,UG,2022-10-10 02:01:12,0.5606,31.39,61.57,91,85,1.41
313,Sitrah,BH,2022-10-10 02:02:13,26.1547,50.6206,84.2,70,0,1.14
314,Tahta,EG,2022-10-10 02:02:13,26.7693,31.5021,69.49,49,0,8.81
315,Severnoye,RU,2022-10-10 02:02:15,56.3491,78.3619,41.36,92,78,9.17
316,Jacareacanga,BR,2022-10-10 02:02:15,-6.2222,-57.7528,80.1,52,100,1.54
317,Puerto Carreno,CO,2022-10-10 02:02:16,6.189,-67.4859,77.45,89,100,5.23
318,Sucre,BO,2022-10-10 02:02:16,-19.0333,-65.2627,55.78,64,10,8.16
319,Yar-Sale,RU,2022-10-10 02:02:17,66.8333,70.8333,39.65,92,100,10.6
320,Besikduzu,TR,2022-10-10 02:02:17,41.052,39.2284,62.49,89,34,8.99
321,Gandu,BR,2022-10-10 02:02:18,-13.7439,-39.4867,67.59,98,18,0.83
322,Inirida,CO,2022-10-10 02:02:19,3.8653,-67.9239,73.8,95,98,2.53
323,Wattegama,LK,2022-10-10 02:02:19,6.7989,81.4808,77.86,79,90,2.89
324,Black River,JM,2022-10-10 02:02:20,18.0264,-77.8487,79.79,84,78,6.04
325,Annau,TM,2022-10-10 02:02:20,37.8876,58.516,61.95,29,0,7.9
326,Puerto Quijarro,BO,2022-10-10 02:02:21,-17.7833,-57.7667,64.47,82,100,5.17
327,Itarema,BR,2022-10-10 02:02:21,-2.9248,-39.9167,78.53,83,19,17.27
328,Sinnamary,GF,2022-10-10 02:02:23,5.3833,-52.95,79.68,88,81,10.07
329,Deer Lake,CA,2022-10-10 02:02:23,49.1667,-57.4316,43.57,90,100,9.93
330,Bara,NG,2022-10-10 02:02:24,10.3744,10.7288,74.3,88,37,6.22
331,Nioro,GM,2022-10-10 02:02:24,13.35,-15.75,72.97,92,47,4.47
332,River Rouge,US,2022-10-10 01:59:15,42.2734,-83.1344,61.02,55,100,8.05
333,Horki,BY,2022-10-10 02:02:25,54.2861,30.9842,39.85,93,0,7.74
334,Santa Cruz De La Palma,ES,2022-10-10 02:02:26,28.6835,-17.7642,73.54,73,100,14.97
335,Vesele,UA,2022-10-10 02:02:26,47.0148,34.915,54.81,70,71,15.03
336,Balkanabat,TM,2022-10-10 02:02:27,39.5108,54.3671,67.39,24,0,16.64
337,Bandarbeyla,SO,2022-10-10 02:02:27,9.4942,50.8122,76.17,89,89,11.72
338,Acarau,BR,2022-10-10 02:02:28,-2.8856,-40.12,78.8,83,23,18.75
339,Kattivakkam,IN,2022-10-10 02:02:28,13.2167,80.3167,80.69,79,100,3.67
340,Varhaug,NO,2022-10-10 02:02:29,58.6147,5.6457,55.15,82,100,29.33
341,Skelleftea,SE,2022-10-10 02:02:29,64.7507,20.9528,42.01,100,20,4.61
342,Chaibasa,IN,2022-10-10 02:02:30,22.5667,85.8167,77.97,87,20,4.88
343,Ouesso,CG,2022-10-10 02:02:30,1.6136,16.0517,69.42,99,100,1.14
344,Kuruman,ZA,2022-10-10 02:02:31,-27.4524,23.4325,66.65,30,15,8.46
345,Rafai,CF,2022-10-10 02:02:31,4.95,23.9167,67.32,99,43,1.39
346,Mabopane,ZA,2022-10-10 02:02:32,-25.4977,28.1007,69.42,40,0,8.05
347,Yefremov,RU,2022-10-10 02:02:32,53.1481,38.0992,50.43,87,100,10.67
348,Mecca,SA,2022-10-10 02:02:33,21.4267,39.8261,80.31,58,5,2.84
349,Atakpame,TG,2022-10-10 02:02:33,7.5333,1.1333,69.55,95,55,1.86
350,Mishkino,RU,2022-10-10 02:02:33,55.3389,63.9175,44.06,79,100,11.68
351,Mazamet,FR,2022-10-10 02:02:34,43.49,2.373,62.22,87,0,13.8
352,Scarborough,GB,2022-10-10 02:02:20,54.2797,-0.4044,50.94,90,100,5.01
353,Saint-Georges,GD,2022-10-10 01:58:39,12.0564,-61.7485,78.48,94,75,0.0
354,Mporokoso,ZM,2022-10-10 02:02:35,-9.3727,30.125,63.0,41,3,7.47
355,Sochi,RU,2022-10-10 02:02:35,43.6,39.7303,59.09,85,71,10.65
356,Piedade,BR,2022-10-10 02:02:35,-23.7119,-47.4278,60.82,96,100,6.85
357,Kashi,CN,2022-10-10 02:02:36,39.4547,75.9797,56.91,32,2,4.0
358,Yabrud,SY,2022-10-10 02:02:36,33.9674,36.6574,51.24,81,0,1.77
359,Marsaxlokk,MT,2022-10-10 02:02:36,35.8419,14.5431,75.07,78,20,9.22
360,Gola Bazar,IN,2022-10-10 02:02:37,26.3431,83.3553,77.16,89,100,3.22
361,Tabas,IR,2022-10-10 02:03:37,33.5959,56.9244,61.99,13,0,1.36
362,Murgab,TM,2022-10-10 02:03:38,37.4966,61.9714,51.15,36,0,2.86
363,Amantea,IT,2022-10-10 02:03:38,39.1332,16.0746,67.15,59,98,6.15
364,Santa Cruz,BO,2022-10-10 02:00:07,-17.8,-63.1667,68.52,42,100,11.41
365,Lebu,CL,2022-10-10 02:03:39,-37.6167,-73.65,48.99,84,0,21.34
366,Pedernales,DO,2022-10-10 02:03:39,18.0384,-71.744,80.67,76,3,4.45
367,Yekaterinovka,RU,2022-10-10 02:03:40,52.0508,44.3451,50.5,70,100,7.7
368,Zorritos,PE,2022-10-10 02:03:40,-3.6805,-80.6782,70.09,75,100,8.28
369,Nicoya,CR,2022-10-10 02:03:40,10.1483,-85.452,73.06,97,100,4.09
370,Iranshahr,IR,2022-10-10 02:03:41,27.2025,60.6848,67.19,7,0,3.69
371,Usinsk,RU,2022-10-10 02:03:41,65.9939,57.5281,37.42,96,42,11.68
372,Inta,RU,2022-10-10 02:03:41,66.0317,60.1659,42.49,88,98,13.31
373,Remontnoye,RU,2022-10-10 02:03:42,46.5614,43.6501,59.05,66,100,10.8
374,Faya,SA,2022-10-10 02:03:42,18.3851,42.4509,57.72,26,2,5.3
375,Otavi,NA,2022-10-10 02:03:43,-19.65,17.3333,70.84,17,4,7.58
376,Saraland,US,2022-10-10 02:02:47,30.8207,-88.0706,69.04,54,4,5.35
377,Valence,ES,2022-10-10 02:00:21,39.4697,-0.3774,66.6,88,20,4.61
378,Kade,DE,2022-10-10 02:03:43,52.3833,12.2667,44.1,78,6,7.09
379,Abu Dhabi,AE,2022-10-10 02:02:41,24.4667,54.3667,79.97,80,0,6.22
380,Nizwa,OM,2022-10-10 02:03:44,22.9333,57.5333,73.99,35,1,2.35
381,Carutapera,BR,2022-10-10 02:03:44,-1.195,-46.02,78.93,79,17,7.94
382,Berlevag,NO,2022-10-10 02:03:45,70.8578,29.0864,44.6,87,75,16.11
383,Havelock,US,2022-10-10 02:02:55,34.8791,-76.9013,62.94,85,0,3.62
384,San Pancrazio Salentino,IT,2022-10-10 02:03:45,40.4191,17.8305,65.61,58,100,5.68
385,Mweka,CD,2022-10-10 02:03:46,-4.85,21.5667,67.15,89,83,2.15
386,Novobirilyussy,RU,2022-10-10 02:03:46,56.9514,90.6661,47.01,71,36,11.45
387,Kharan,PK,2022-10-10 02:03:47,28.5833,65.4167,61.09,11,0,2.21
388,Bud,US,2022-10-10 02:03:47,39.447,-86.1758,54.68,62,4,8.14
389,Kem,RU,2022-10-10 02:03:48,64.9555,34.5793,38.16,89,2,12.82
390,La Rioja,ES,2022-10-10 02:03:48,42.25,-2.5,55.18,62,100,6.38
391,Gwadar,PK,2022-10-10 02:03:49,25.1216,62.3254,79.75,35,0,7.58
392,Makarska,HR,2022-10-10 02:03:49,43.2969,17.0178,63.39,68,100,3.74
393,Zinder,NE,2022-10-10 02:03:50,13.8072,8.9881,83.88,21,15,5.66
394,The Valley,AI,2022-10-10 02:03:50,18.217,-63.0578,81.1,76,84,16.84
395,Los Llanos De Aridane,ES,2022-10-10 02:03:50,28.6585,-17.9182,69.55,82,100,14.97
396,Romitan,UZ,2022-10-10 02:03:51,39.9343,64.3814,48.15,61,0,11.5
397,Kalmunai,LK,2022-10-10 02:03:51,7.4167,81.8167,79.7,78,35,4.14
398,Tessalit,ML,2022-10-10 02:03:51,20.1986,1.0114,82.65,18,3,10.07
399,Ribeira Do Pombal,BR,2022-10-10 02:03:52,-10.8344,-38.5358,68.54,93,0,4.27
400,Mortka,RU,2022-10-10 02:03:52,59.3322,66.0214,42.84,93,100,10.67
401,Abha,SA,2022-10-10 02:00:48,18.2164,42.5053,59.5,26,1,7.05
402,Agadez,NE,2022-10-10 02:03:53,19.75,10.25,75.49,24,0,10.11
403,Mattru,SL,2022-10-10 02:03:53,7.6244,-11.8332,71.55,99,100,5.01
404,Sembe,CG,2022-10-10 02:03:54,1.6481,14.5806,68.36,97,100,1.23
405,Saint-Raphael,HT,2022-10-10 02:04:54,19.4333,-72.2,71.64,94,34,3.96
406,George Town,MY,2022-10-10 02:02:56,5.4112,100.3354,84.13,79,20,3.44
407,Coquimbo,CL,2022-10-10 02:03:18,-29.9533,-71.3436,55.13,82,100,2.3
408,Terrace Bay,CA,2022-10-10 02:00:16,48.7834,-87.1,36.63,66,10,6.85
409,Svelgen,NO,2022-10-10 02:04:55,61.7685,5.2955,53.53,83,98,20.38
410,Thinadhoo,MV,2022-10-10 02:04:56,0.5333,72.9333,81.07,77,100,15.05
411,Dourbali,TD,2022-10-10 02:04:56,11.8091,15.8632,78.96,72,16,8.95
412,Pokhara,NP,2022-10-10 02:03:02,28.2333,83.9833,69.75,77,100,5.21
413,Chamalieres,FR,2022-10-10 02:04:57,45.7756,3.0631,56.12,77,0,4.61
414,Yei,SS,2022-10-10 02:04:57,4.095,30.6779,64.72,96,89,2.51
415,Hanstholm,DK,2022-10-10 02:04:58,57.1167,8.6167,50.18,81,75,21.41
416,Siyabuswa,ZA,2022-10-10 02:04:58,-25.1132,29.0445,71.69,35,5,8.5
417,Oeiras,BR,2022-10-10 02:04:58,-7.0253,-42.1311,80.58,26,20,4.03
418,Ambrolauri,GE,2022-10-10 02:04:59,42.5211,43.1622,56.32,99,100,1.52
419,Mollendo,PE,2022-10-10 02:04:59,-17.0231,-72.0147,60.03,82,22,7.4
420,Galdar,ES,2022-10-10 02:05:00,28.147,-15.6502,72.1,78,51,13.18
421,Corrales,US,2022-10-10 02:00:25,35.2378,-106.6067,61.11,71,81,5.01
422,Camocim,BR,2022-10-10 02:05:00,-2.9022,-40.8411,78.91,80,55,16.46
423,Ferme-Neuve,CA,2022-10-10 02:05:01,46.7001,-75.4493,30.94,85,37,1.21
424,Husavik,IS,2022-10-10 02:05:01,66.0449,-17.3389,33.24,98,100,36.04
425,Naryan-Mar,RU,2022-10-10 02:02:13,67.6713,53.087,39.87,92,84,14.88
426,Hofn,IS,2022-10-10 02:05:02,64.2539,-15.2082,40.44,55,100,25.66
427,Ostersund,SE,2022-10-10 02:05:03,63.1792,14.6357,46.85,71,45,14.97
428,Belyy Yar,RU,2022-10-10 02:05:04,53.6039,91.3903,46.29,81,20,13.42
429,Sabha,LY,2022-10-10 02:05:04,27.0377,14.4283,69.85,39,0,9.33
430,Burglengenfeld,DE,2022-10-10 02:05:05,49.2056,12.0414,47.32,93,0,0.0
431,Fowa,NG,2022-10-10 02:05:05,8.9167,6.4,71.31,94,99,2.64
432,Dunda,TZ,2022-10-10 02:05:06,-8.1167,34.25,63.07,57,99,5.93
433,Ambilobe,MG,2022-10-10 02:05:06,-13.2,49.05,63.88,71,5,4.21
434,Chama,CH,2022-10-10 02:05:07,47.1821,8.4636,53.78,91,100,0.0
435,Prainha,BR,2022-10-10 02:05:07,-1.8,-53.48,80.44,66,19,4.65
436,Imamoglu,TR,2022-10-10 02:05:08,37.2651,35.6572,64.11,52,0,4.36
437,Kulunda,RU,2022-10-10 02:05:08,52.566,78.9385,45.3,82,100,11.54
438,Bonoua,CI,2022-10-10 02:05:09,5.2741,-3.595,74.82,91,100,2.24
439,Arlit,NE,2022-10-10 02:05:09,18.7369,7.3853,81.95,19,0,7.56
440,Karpathos,GR,2022-10-10 02:05:10,35.507,27.2132,69.76,68,0,19.57
441,Navrongo,GH,2022-10-10 02:05:10,10.8956,-1.0921,76.35,72,99,4.23
442,Itupiranga,BR,2022-10-10 02:05:11,-5.1347,-49.3267,79.12,67,61,4.83
443,Boa Vista,BR,2022-10-10 02:05:11,2.8197,-60.6733,82.38,61,20,4.61
444,Turukhansk,RU,2022-10-10 02:05:12,65.8167,87.9833,36.57,95,100,9.64
445,Puerto Madryn,AR,2022-10-10 02:04:01,-42.7692,-65.0385,54.54,43,0,17.67
446,Rio Grande,BR,2022-10-10 02:05:13,-32.035,-52.0986,52.07,68,3,7.54
447,Palm Coast,US,2022-10-10 02:02:06,29.585,-81.2078,80.08,90,100,3.0
448,Alpatovo,RU,2022-10-10 02:05:13,43.7028,45.2415,59.74,87,100,10.74
449,Ilhabela,BR,2022-10-10 02:02:32,-23.7781,-45.3581,69.87,97,100,5.12
450,Kurmanayevka,RU,2022-10-10 02:05:14,52.5093,52.0675,46.13,65,83,6.98
451,Storslett,NO,2022-10-10 02:06:15,69.7678,21.0247,35.6,87,75,0.0
452,Igarka,RU,2022-10-10 02:06:15,67.4667,86.5833,38.25,95,100,13.91
453,Nantucket,US,2022-10-10 02:04:12,41.2835,-70.0995,55.51,67,0,5.75
454,Marsa Matruh,EG,2022-10-10 02:06:17,31.3525,27.2453,69.82,67,1,5.93
455,Kandalaksha,RU,2022-10-10 02:06:18,67.162,32.4123,31.1,89,1,5.3
456,Montevideo,UY,2022-10-10 02:03:43,-34.8335,-56.1674,53.51,52,0,0.0
457,Pocone,BR,2022-10-10 02:06:19,-16.2567,-56.6228,71.91,88,100,3.22
458,Lesnikovo,RU,2022-10-10 02:06:19,55.2822,65.3175,44.04,81,100,10.78
459,Bere,TD,2022-10-10 02:06:20,9.3202,16.1552,71.33,94,95,3.49
460,Mansa,IN,2022-10-10 02:06:22,29.9833,75.3833,70.75,86,90,9.86
461,Riyadh,SA,2022-10-10 02:01:37,24.6877,46.7219,77.76,17,0,5.37
462,Tarauaca,BR,2022-10-10 02:06:23,-8.1614,-70.7656,76.3,76,61,1.92
463,Roald,NO,2022-10-10 02:06:23,62.5833,6.1333,57.34,51,75,18.41
464,Telfs,AT,2022-10-10 02:06:25,47.3,11.0667,55.83,81,100,5.17
465,San Rafael,AR,2022-10-10 02:06:26,-34.6177,-68.3301,55.36,16,0,6.4
466,Lixourion,GR,2022-10-10 02:06:27,38.2019,20.4314,66.79,81,6,2.08
467,Maralal,KE,2022-10-10 02:06:28,1.0968,36.698,55.72,77,4,4.99
468,Timmins,CA,2022-10-10 02:03:46,48.4669,-81.3331,31.8,91,98,4.05
469,Maraba,BR,2022-10-10 02:06:29,-5.3686,-49.1178,78.98,100,53,0.0
470,Nagua,DO,2022-10-10 02:06:29,19.3832,-69.8474,77.11,88,12,7.16
471,Eydhafushi,MV,2022-10-10 02:06:30,5.1033,73.0708,81.5,79,37,14.88
472,Walvis Bay,NA,2022-10-10 02:06:30,-22.9575,14.5053,58.08,96,90,6.42
473,Monrovia,LR,2022-10-10 02:06:31,6.3005,-10.7969,75.88,89,36,2.44
474,Comodoro Rivadavia,AR,2022-10-10 02:04:28,-45.8667,-67.5,53.46,40,0,9.22
475,Nalut,LY,2022-10-10 02:06:32,30.3333,10.85,71.53,28,10,8.41
476,Valparaiso,CL,2022-10-10 02:02:27,-33.0393,-71.6273,51.44,87,0,5.75
477,Bardiyah,LY,2022-10-10 02:06:32,31.7561,25.0865,69.08,66,0,7.18
478,Kamenka,RU,2022-10-10 02:06:33,51.3223,42.7678,53.49,64,100,6.78
479,Nadigaon,IN,2022-10-10 02:06:33,26.1167,79.0333,76.53,91,96,9.4
480,Kangaatsiaq,GL,2022-10-10 02:06:33,68.3065,-53.4641,27.41,55,100,18.16
481,Numan,NG,2022-10-10 02:06:34,9.4667,12.0333,74.26,92,96,6.6
482,San Andres,CO,2022-10-10 02:06:34,12.5847,-81.7006,82.42,89,75,10.36
483,Corralillo,CU,2022-10-10 02:06:35,22.9819,-80.5856,80.62,79,6,13.51
484,Buctzotz,MX,2022-10-10 02:06:35,21.2,-88.7833,77.38,88,100,6.62
485,Onega,RU,2022-10-10 02:06:35,63.9061,38.1404,39.9,87,1,11.56
486,Vihari,PK,2022-10-10 02:06:36,30.0333,72.35,74.34,81,0,5.44
487,Osakarovka,KZ,2022-10-10 02:06:36,50.565,72.5692,37.76,79,39,5.23
488,Karakol,KG,2022-10-10 02:06:37,42.4907,78.3936,44.35,57,22,3.11
489,Rundu,NA,2022-10-10 02:06:37,-17.9333,19.7667,64.58,20,0,6.49
490,Totness,SR,2022-10-10 02:06:37,5.8833,-56.3167,80.6,81,56,12.82
491,Peniche,PT,2022-10-10 02:06:38,39.3558,-9.3811,60.08,94,56,4.72
492,Denizli,TR,2022-10-10 02:06:38,37.8402,29.0698,59.65,67,13,2.21
493,Brunico,IT,2022-10-10 02:06:39,46.7958,11.9364,53.94,95,100,1.54
494,Rovaniemi,FI,2022-10-10 02:06:39,66.5,25.7167,36.81,100,0,9.22
495,Kalemie,CD,2022-10-10 02:06:39,-5.9475,29.1947,75.49,41,89,2.01
496,Jadu,LY,2022-10-10 02:06:40,31.953,12.0261,68.36,34,94,8.3
497,Rocha,UY,2022-10-10 02:07:40,-34.4833,-54.3333,42.3,79,0,3.13
498,Havre-Saint-Pierre,CA,2022-10-10 02:07:41,50.2334,-63.5986,37.76,93,100,13.8
499,Lulea,SE,2022-10-10 02:07:41,65.5842,22.1547,46.47,87,40,5.75
500,Puerto Cabezas,NI,2022-10-10 02:07:42,14.0351,-83.3888,77.61,92,100,12.39
501,Carballo,ES,2022-10-10 02:07:42,43.213,-8.691,62.29,92,76,7.61
502,Mpika,ZM,2022-10-10 02:07:43,-11.8343,31.4529,59.92,49,4,5.93
503,Praia Da Vitoria,PT,2022-10-10 02:07:43,38.7333,-27.0667,69.76,94,12,9.8
504,Matara,LK,2022-10-10 02:07:44,5.9485,80.5353,79.18,82,95,8.08
505,Zarand,IR,2022-10-10 02:07:44,30.8127,56.564,53.71,20,0,0.72
506,Matay,EG,2022-10-10 02:07:45,28.419,30.7792,68.2,61,0,10.11
507,Artyshta,RU,2022-10-10 02:07:45,54.1222,86.2909,43.39,83,100,14.2
508,Malpe,IN,2022-10-10 02:07:46,13.35,74.7167,76.3,87,99,0.38
509,Olot,ES,2022-10-10 02:07:46,42.181,2.4901,60.78,92,17,3.65
510,Voyinka,UA,2022-10-10 02:07:46,45.8699,33.9914,56.39,70,46,14.07
511,Kabinda,CD,2022-10-10 02:07:47,-6.1333,24.4833,66.78,66,9,2.8
512,Sirvintos,LT,2022-10-10 02:07:47,55.05,24.95,39.54,93,56,4.56
513,Ormara,PK,2022-10-10 02:07:47,25.2088,64.6357,80.96,28,0,9.08
514,Dudinka,RU,2022-10-10 02:07:49,69.4058,86.1778,36.63,100,99,16.87
515,Rohatyn,UA,2022-10-10 02:07:49,49.409,24.6093,40.53,91,6,0.85
516,Itajuipe,BR,2022-10-10 02:07:49,-14.6781,-39.375,68.59,99,17,0.49
517,Bollnas,SE,2022-10-10 02:07:50,61.3482,16.3946,52.27,73,100,14.9
518,Bereznik,RU,2022-10-10 02:07:50,62.8551,42.7072,42.49,81,87,7.25
519,Villeta,CO,2022-10-10 02:07:51,5.0089,-74.4723,72.21,99,100,1.59
520,Abnub,EG,2022-10-10 02:07:51,27.2696,31.1511,68.99,57,0,9.17
521,Sakakah,SA,2022-10-10 02:04:42,29.9697,40.2064,73.65,36,0,5.97
522,Benjamin Constant,BR,2022-10-10 02:07:52,-4.3831,-70.0311,73.53,78,98,2.13
523,Camargo,MX,2022-10-10 02:04:21,27.6667,-105.1667,66.34,65,96,14.0
524,Yarmouth,US,2022-10-10 02:07:52,41.7057,-70.2286,57.02,81,0,7.0
525,Moshupa,BW,2022-10-10 02:07:53,-24.7782,25.4155,69.64,24,1,5.55
526,Lokoja,NG,2022-10-10 02:07:53,7.8024,6.743,73.0,97,94,1.61
527,Abu Samrah,SY,2022-10-10 02:07:54,35.3029,37.1841,61.54,75,0,4.52
528,Poros,GR,2022-10-10 02:07:54,37.4994,23.4536,61.86,62,1,6.62
529,Conde,BR,2022-10-10 02:07:54,-7.2597,-34.9075,78.26,83,75,9.22
530,Teguise,ES,2022-10-10 02:07:55,29.0605,-13.564,66.42,78,0,5.75
531,Richmond,US,2022-10-10 02:06:55,37.5538,-77.4603,50.16,84,0,0.0
532,Campos,BR,2022-10-10 02:06:46,-21.75,-41.3,71.55,91,93,8.48
533,Verkhnyaya Inta,RU,2022-10-10 02:07:56,65.9811,60.3094,42.28,91,97,13.13
534,Leeuwarden,NL,2022-10-10 02:07:56,53.2014,5.8086,48.18,84,100,9.22
535,Kaniama,CD,2022-10-10 02:07:56,-7.5667,24.1833,65.05,51,4,3.4
536,Macara,EC,2022-10-10 02:07:57,-4.3833,-79.95,71.28,68,98,3.62
537,Elizabeth City,US,2022-10-10 02:03:19,36.2946,-76.2511,58.01,84,0,5.75
538,Guaiba,BR,2022-10-10 02:07:58,-30.1139,-51.325,55.94,68,40,9.22
539,Vallenar,CL,2022-10-10 02:07:59,-28.5708,-70.7581,58.03,64,2,3.6
540,Balkhash,KZ,2022-10-10 02:07:59,46.844,74.9804,39.81,75,0,11.18
541,Atbasar,KZ,2022-10-10 02:08:00,51.8,68.3333,39.33,72,31,6.58
542,Huarmey,PE,2022-10-10 02:09:00,-10.0681,-78.1522,63.05,85,60,7.99
543,Tabou,CI,2022-10-10 02:09:01,4.423,-7.3528,75.65,91,12,3.56
544,Vila Do Maio,CV,2022-10-10 02:09:01,15.1333,-23.2167,78.49,79,99,13.69
545,Two Rivers,US,2022-10-10 02:09:02,44.1539,-87.5693,50.04,92,0,0.0
546,Vaasa,FI,2022-10-10 02:09:02,63.096,21.6158,44.94,93,0,8.05
547,Lendava,SI,2022-10-10 02:09:03,46.5649,16.4509,48.87,77,100,1.72
548,Kourou,GF,2022-10-10 02:09:04,5.1552,-52.6478,78.85,87,45,8.63
549,Bad Worishofen,DE,2022-10-10 02:07:03,48.0167,10.6,50.41,90,100,1.99
550,Gravdal,NO,2022-10-10 02:09:04,68.1214,13.5031,50.86,83,100,33.8
551,Imperia,IT,2022-10-10 02:09:05,43.9667,7.7833,55.99,89,98,5.35
552,Novyy Urengoy,RU,2022-10-10 02:04:45,66.0833,76.6333,41.74,96,100,13.42
553,Alice Town,BS,2022-10-10 02:09:05,25.7167,-79.3,81.79,81,97,14.83
554,Manjakandriana,MG,2022-10-10 02:09:06,-18.9167,47.8,44.29,93,14,2.04
555,Upata,VE,2022-10-10 02:09:07,8.0086,-62.3989,77.2,90,92,3.47
556,Seminole,US,2022-10-10 02:09:07,28.7086,-81.2081,77.22,85,0,5.75
557,Ouadda,CF,2022-10-10 02:09:08,8.0777,22.4007,65.37,96,31,3.04
558,Praia,CV,2022-10-10 02:09:09,14.9215,-23.5087,77.25,80,59,10.58
559,Marienburg,PL,2022-10-10 02:09:09,54.0359,19.0266,43.88,79,27,7.36
560,Lexington,US,2022-10-10 02:08:03,37.9887,-84.4777,49.89,60,0,0.0
561,Demyanovo,RU,2022-10-10 02:09:10,60.3511,47.0842,44.46,97,100,6.33
